ID,BrNat,Rejting
100,20,10
101,14,3
102,20,3
103,14,7
104,7,5
105,5,5
106,8,2
107,10,7
108,2,5
109,1,5
110,16,6
111,19,5
112,11,2
113,1,9
114,19,1
115,13,5
116,10,2
117,16,3
118,16,10
119,18,4
120,20,2
121,12,8
122,7,8
123,7,2
124,3,8
125,12,4
126,16,9
127,16,4
128,18,2
129,2,3
130,6,1
131,7,8
132,12,3
133,5,10
134,8,2
135,7,3
136,1,2
137,13,9
138,4,5
139,14,9
140,4,7
141,8,1
142,17,10
143,14,5
144,15,8
145,13,7
146,19,1
147,7,4
148,19,10
149,13,1
150,14,1
151,9,2
152,14,7
153,14,5
154,12,3
155,9,8
156,20,8
157,2,4
158,4,10
159,1,7
160,2,2
161,1,7
162,7,6
163,12,1
164,16,6
165,18,4
166,20,1
167,15,9
168,6,9
169,5,10
170,12,1
171,8,2
172,4,4
173,8,9
174,17,3
175,19,1
176,16,7
177,19,2
178,13,10
179,1,8
180,7,4
181,11,8
182,9,6
183,3,2
184,1,8
185,4,2
186,1,3
187,11,10
188,3,7
189,3,7
190,13,7
191,16,3
192,12,6
193,15,8
194,13,3
195,17,4
196,20,2
197,19,8
198,4,2
199,1,10
200,12,4
201,17,4
202,2,10
203,2,4
204,1,4
205,4,6
206,14,8
207,20,2
208,10,5
209,11,5
210,19,4
211,8,6
212,20,4
213,2,5
214,9,4
215,9,8
216,19,4
217,20,1
218,9,7
219,12,3
220,2,7
221,1,3
222,5,2
223,17,7
224,3,2
225,11,7
226,4,7
227,17,5
228,12,6
229,20,8
230,3,2
231,1,1
232,17,9
233,4,8
234,19,1
235,17,1
236,7,10
237,7,7
238,13,2
239,1,8
240,14,7
241,20,7
242,3,6
243,18,8
244,12,3
245,2,2
246,5,2
247,16,7
248,18,1
249,10,1
250,7,4
251,2,1
252,13,10
253,1,5
254,2,7
255,13,1
256,12,3
257,6,2
258,15,3
259,11,5
260,3,1
261,18,10
262,11,4
263,11,10
264,18,9
265,9,9
266,4,10
267,4,3
268,5,2
269,6,6
270,15,2
271,18,1
272,15,7
273,8,1
274,10,4
275,20,8
276,9,7
277,2,2
278,9,2
279,13,9
280,19,4
281,17,7
282,9,5
283,18,8
284,5,10
285,19,10
286,19,8
287,5,8
288,6,10
289,19,7
290,11,2
291,7,1
292,9,8
293,2,2
294,4,5
295,5,9
296,6,10
297,17,7
298,1,7
299,15,2
300,16,4
301,10,7
302,1,9
303,18,10
304,10,4
305,3,8
306,1,3
307,5,2
308,3,8
309,11,1
310,20,8
311,8,3
312,14,9
313,11,6
314,5,6
315,16,3
316,17,10
317,17,4
318,2,3
319,16,7
320,9,4
321,3,3
322,15,1
323,11,4
324,15,5
325,12,10
326,10,3
327,11,8
328,5,8
329,2,8
330,4,4
331,17,2
332,15,6
333,11,10
334,2,3
335,5,10
336,9,5
337,4,3
338,5,4
339,10,7
340,9,3
341,8,4
342,18,7
343,15,10
344,13,3
345,14,4
346,2,4
347,10,8
348,10,1
349,19,6
350,18,8
351,15,5
352,15,8
353,1,10
354,19,5
355,3,3
356,8,7
357,11,1
358,14,5
359,9,10
360,18,4
361,7,2
362,14,1
363,15,6
364,6,7
365,12,2
366,4,2
367,14,9
368,6,10
369,15,5
370,17,8
371,7,5
372,13,9
373,16,7
374,12,5
375,18,2
376,3,5
377,7,8
378,7,8
379,8,2
380,11,6
381,8,3
382,18,2
383,8,7
384,6,2
385,13,3
386,13,9
387,14,3
388,12,7
389,3,3
390,2,4
391,15,10
392,18,5
393,7,10
394,6,4
395,6,4
396,17,5
397,8,7
398,14,9
399,19,7
400,15,5
401,14,5
402,7,2
403,3,5
404,4,4
405,10,9
406,13,5
407,5,9
408,15,6
409,3,4
410,1,4
411,10,3
412,17,10
413,2,8
414,16,2
415,2,10
416,14,9
417,14,10
418,11,6
419,5,8
420,11,2
421,8,7
422,8,6
423,12,4
424,16,4
425,1,1
426,9,6
427,11,5
428,2,10
429,20,2
430,15,9
431,13,1
432,9,6
433,2,7
434,18,3
435,3,8
436,10,1
437,5,2
438,11,1
439,15,5
440,4,7
441,16,3
442,15,3
443,10,6
444,15,6
445,13,7
446,9,2
447,16,6
448,5,4
449,4,10
450,5,1
451,14,6
452,11,5
453,18,7
454,3,7
455,20,8
456,19,8
457,8,10
458,4,10
459,3,7
460,14,1
461,13,4
462,19,3
463,15,5
464,17,3
465,17,6
466,8,4
467,2,8
468,20,6
469,12,1
470,12,7
471,19,7
472,5,7
473,12,10
474,3,7
475,2,5
476,14,6
477,6,3
478,14,1
479,8,7
480,11,2
481,18,3
482,2,4
483,12,7
484,14,10
485,6,5
486,18,7
487,15,10
488,16,2
489,10,7
490,13,2
491,11,2
492,9,8
493,9,9
494,19,6
495,8,4
496,18,10
497,18,6
498,2,8
499,16,1
500,19,6
501,20,6
502,12,6
503,17,5
504,12,3
505,20,10
506,7,1
507,16,6
508,14,1
509,2,10
510,19,3
511,5,9
512,17,5
513,4,8
514,2,6
515,7,2
516,4,2
517,13,4
518,13,4
519,10,5
520,6,9
521,10,9
522,12,1
523,8,9
524,13,7
525,7,7
526,17,1
527,13,9
528,19,1
529,7,2
530,3,4
531,11,5
532,4,8
533,16,4
534,7,8
535,6,6
536,5,10
537,4,2
538,12,7
539,14,9
540,17,2
541,13,1
542,18,6
543,20,3
544,5,1
545,16,8
546,14,1
547,15,2
548,15,5
549,19,8
550,20,3
551,2,2
552,19,5
553,3,4
554,9,3
555,16,9
556,15,9
557,14,7
558,8,3
559,17,10
560,12,3
561,2,5
562,20,4
563,1,10
564,3,7
565,19,9
566,13,9
567,4,8
568,6,5
569,19,4
570,15,8
571,19,4
572,6,4
573,4,8
574,9,8
575,5,7
576,1,3
577,13,8
578,13,5
579,5,3
580,9,9
581,8,8
582,1,3
583,9,2
584,20,8
585,15,8
586,9,8
587,18,8
588,3,2
589,18,6
590,15,3
591,17,9
592,13,7
593,18,8
594,12,6
595,3,8
596,14,5
597,10,10
598,20,7
599,9,8
600,15,10
601,11,10
602,14,5
603,11,2
604,17,8
605,10,10
606,14,7
607,5,5
608,6,5
609,7,1
610,16,10
611,7,5
612,18,3
613,13,10
614,2,4
615,8,4
616,6,9
617,15,3
618,17,8
619,17,2
620,8,9
621,2,6
622,13,7
623,4,2
624,16,4
625,10,10
626,20,8
627,16,3
628,3,5
629,3,9
630,9,1
631,3,3
632,17,6
633,2,7
634,13,10
635,17,2
636,3,3
637,11,3
638,17,1
639,17,1
640,1,1
641,19,7
642,1,6
643,3,10
644,5,8
645,20,9
646,1,9
647,2,1
648,18,7
649,10,9
650,8,7
651,9,2
652,16,6
653,19,6
654,13,2
655,12,6
656,18,2
657,14,5
658,8,5
659,10,2
660,1,10
661,7,2
662,16,7
663,15,4
664,2,4
665,10,6
666,20,3
667,18,8
668,3,10
669,16,1
670,1,8
671,2,6
672,7,8
673,14,10
674,16,7
675,17,7
676,15,4
677,7,9
678,19,8
679,3,9
680,6,8
681,16,7
682,9,3
683,8,3
684,15,1
685,4,3
686,12,9
687,17,5
688,3,6
689,8,3
690,15,3
691,12,5
692,17,3
693,16,8
694,7,2
695,10,6
696,13,5
697,14,9
698,8,4
699,10,2
700,13,1
701,12,9
702,7,5
703,18,7
704,15,7
705,20,4
706,2,6
707,18,1
708,8,1
709,20,8
710,8,6
711,13,7
712,4,7
713,10,3
714,20,4
715,18,2
716,7,1
717,2,4
718,12,3
719,4,4
720,19,6
721,14,4
722,14,7
723,5,8
724,5,6
725,12,10
726,4,5
727,3,10
728,15,9
729,17,4
730,9,4
731,2,3
732,2,7
733,3,4
734,6,7
735,20,3
736,17,2
737,19,5
738,10,9
739,15,7
740,16,5
741,19,4
742,6,3
743,20,5
744,13,9
745,9,6
746,7,3
747,20,6
748,12,1
749,13,1
750,1,10
751,12,5
752,18,5
753,4,3
754,14,7
755,10,2
756,18,5
757,9,8
758,2,5
759,16,6
760,1,1
761,12,9
762,9,1
763,4,10
764,7,4
765,14,7
766,13,3
767,19,2
768,19,1
769,16,2
770,7,9
771,3,4
772,10,2
773,12,8
774,14,10
775,15,3
776,8,2
777,6,10
778,20,9
779,5,2
780,14,6
781,3,5
782,8,6
783,15,1
784,5,8
785,18,6
786,11,7
787,19,4
788,2,7
789,11,1
790,12,5
791,15,7
792,8,9
793,5,2
794,5,9
795,4,10
796,9,3
797,10,8
798,20,4
799,2,9
800,4,1
801,7,6
802,9,7
803,10,6
804,19,7
805,14,6
806,1,1
807,12,4
808,5,2
809,8,10
810,13,9
811,6,6
812,8,5
813,17,9
814,1,8
815,5,1
816,1,3
817,13,3
818,9,3
819,16,1
820,9,3
821,17,2
822,8,5
823,15,10
824,10,8
825,10,6
826,18,9
827,19,4
828,10,4
829,7,9
830,13,6
831,14,1
832,11,10
833,18,8
834,17,5
835,7,8
836,11,2
837,19,7
838,13,1
839,17,10
840,17,6
841,18,6
842,12,7
843,10,2
844,11,2
845,4,5
846,6,5
847,10,5
848,9,2
849,2,9
850,6,1
851,19,5
852,4,1
853,2,9
854,18,5
855,16,8
856,16,8
857,4,7
858,17,2
859,15,6
860,14,7
861,6,6
862,17,2
863,18,4
864,3,6
865,16,1
866,11,4
867,3,7
868,15,9
869,20,1
870,10,7
871,16,7
872,2,8
873,1,7
874,16,3
875,13,8
876,1,6
877,7,7
878,4,10
879,6,1
880,18,9
881,16,2
882,11,6
883,20,2
884,12,1
885,1,6
886,10,1
887,4,10
888,9,9
889,7,9
890,12,5
891,20,6
892,1,6
893,18,8
894,4,7
895,14,9
896,13,8
897,20,10
898,12,9
899,20,10
900,16,6
901,2,2
902,13,9
903,3,9
904,7,10
905,18,6
906,19,6
907,6,4
908,8,5
909,11,8
910,3,3
911,14,5
912,7,4
913,4,8
914,12,9
915,13,10
916,13,5
917,18,3
918,3,6
919,3,9
920,9,4
921,10,10
922,9,8
923,3,10
924,11,2
925,3,9
926,9,3
927,18,1
928,14,1
929,3,4
930,15,7
931,11,6
932,4,6
933,9,6
934,18,10
935,7,4
936,20,8
937,2,5
938,12,6
939,15,10
940,7,9
941,3,2
942,19,6
943,9,3
944,5,5
945,4,9
946,18,1
947,14,3
948,19,7
949,8,8
950,10,9
951,9,6
952,15,3
953,2,7
954,8,6
955,17,1
956,5,2
957,12,6
958,13,1
959,12,10
960,11,10
961,3,7
962,6,2
963,18,4
964,4,8
965,2,5
966,6,2
967,1,6
968,8,3
969,9,5
970,20,1
971,6,3
972,17,3
973,18,10
974,20,6
975,17,6
976,17,2
977,6,6
978,14,3
979,10,7
980,7,4
981,8,2
982,5,9
983,6,10
984,1,1
985,17,1
986,11,9
987,20,1
988,3,9
989,20,10
990,7,2
991,5,7
992,4,4
993,1,2
994,11,2
995,4,6
996,9,9
997,12,7
998,8,1
999,16,3
1000,2,10
1001,11,3
1002,6,1
1003,20,8
1004,17,10
1005,19,5
1006,14,2
1007,5,2
1008,12,1
1009,8,1
1010,11,7
1011,5,6
1012,19,10
1013,1,10
1014,9,3
1015,10,4
1016,6,5
1017,16,6
1018,17,1
1019,12,10
1020,2,4
1021,4,8
1022,4,4
1023,19,2
1024,11,4
1025,10,2
1026,19,5
1027,12,2
1028,10,8
1029,7,10
1030,14,7
1031,12,8
1032,3,3
1033,12,1
1034,9,7
1035,5,6
1036,18,7
1037,7,6
1038,9,3
1039,18,8
1040,17,4
1041,14,3
1042,10,8
1043,3,7
1044,9,7
1045,6,8
1046,1,6
1047,16,2
1048,14,1
1049,20,4
1050,9,8
1051,14,9
1052,13,9
1053,8,7
1054,1,1
1055,1,1
1056,2,6
1057,2,7
1058,9,10
1059,7,1
1060,4,10
1061,10,5
1062,4,9
1063,14,4
1064,19,1
1065,12,9
1066,16,5
1067,9,8
1068,7,2
1069,16,3
1070,18,5
1071,1,3
1072,11,4
1073,4,8
1074,16,9
1075,7,5
1076,19,4
1077,20,10
1078,4,8
1079,8,1
1080,7,6
1081,15,1
1082,2,8
1083,11,8
1084,4,7
1085,7,2
1086,5,8
1087,9,9
1088,15,8
1089,9,8
1090,11,3
1091,18,4
1092,16,9
1093,7,8
1094,7,10
1095,10,3
1096,17,6
1097,18,8
1098,12,9
1099,7,8
1100,10,4
1101,3,1
1102,5,2
1103,1,2
1104,2,4
1105,17,2
1106,3,6
1107,15,5
1108,13,4
1109,16,3
1110,18,3
1111,11,6
1112,3,7
1113,12,6
1114,15,3
1115,19,7
1116,20,1
1117,12,1
1118,4,8
1119,16,1
1120,19,3
1121,11,2
1122,14,2
1123,19,2
1124,2,10
1125,9,8
1126,8,9
1127,16,1
1128,17,1
1129,15,4
1130,14,4
1131,3,2
1132,6,2
1133,3,9
1134,4,10
1135,11,10
1136,13,4
1137,14,9
1138,3,9
1139,12,9
1140,16,4
1141,20,4
1142,6,9
1143,10,3
1144,17,7
1145,7,10
1146,13,2
1147,14,4
1148,12,5
1149,19,7
1150,3,5
1151,7,7
1152,20,5
1153,2,3
1154,15,8
1155,5,7
1156,1,7
1157,10,3
1158,19,7
1159,13,9
1160,1,2
1161,7,3
1162,14,7
1163,12,7
1164,19,7
1165,13,3
1166,14,9
1167,16,2
1168,13,8
1169,3,7
1170,6,8
1171,19,5
1172,18,3
1173,20,10
1174,13,3
1175,15,1
1176,3,6
1177,18,3
1178,18,8
1179,1,8
1180,11,2
1181,8,5
1182,18,5
1183,20,7
1184,18,1
1185,11,1
1186,18,9
1187,4,9
1188,9,4
1189,17,1
1190,15,9
1191,18,2
1192,20,4
1193,2,1
1194,5,10
1195,12,5
1196,6,3
1197,17,1
1198,18,5
1199,20,4
1200,14,2
1201,15,10
1202,15,6
1203,19,9
1204,19,2
1205,7,3
1206,3,1
1207,10,1
1208,17,8
1209,2,9
1210,20,7
1211,6,8
1212,14,9
1213,4,3
1214,4,5
1215,8,2
1216,3,3
1217,1,10
1218,16,10
1219,11,3
1220,12,7
1221,11,2
1222,15,10
1223,16,3
1224,3,9
1225,20,10
1226,15,3
1227,16,7
1228,6,1
1229,13,7
1230,1,5
1231,14,8
1232,19,4
1233,18,3
1234,15,3
1235,9,8
1236,10,10
1237,16,9
1238,2,3
1239,11,7
1240,7,1
1241,14,10
1242,1,3
1243,15,7
1244,4,1
1245,11,3
1246,20,6
1247,15,9
1248,3,4
1249,14,6
1250,11,8
1251,18,2
1252,1,5
1253,7,1
1254,10,1
1255,17,7
1256,14,1
1257,7,4
1258,4,3
1259,1,6
1260,16,7
1261,14,10
1262,8,2
1263,20,4
1264,7,9
1265,10,2
1266,17,7
1267,16,2
1268,18,8
1269,9,9
1270,5,6
1271,13,3
1272,19,5
1273,5,3
1274,12,4
1275,3,1
1276,13,10
1277,8,7
1278,12,9
1279,1,5
1280,13,3
1281,18,2
1282,9,5
1283,4,1
1284,15,7
1285,13,8
1286,15,3
1287,7,8
1288,2,7
1289,7,9
1290,18,2
1291,16,5
1292,12,6
1293,14,2
1294,5,8
1295,15,9
1296,13,2
1297,6,3
1298,18,6
1299,19,1
1300,13,2
1301,20,9
1302,6,1
1303,9,7
1304,20,4
1305,1,10
1306,10,8
1307,13,4
1308,18,5
1309,2,9
1310,7,1
1311,13,2
1312,1,8
1313,1,2
1314,6,6
1315,10,7
1316,14,5
1317,7,8
1318,10,10
1319,9,1
1320,19,4
1321,12,3
1322,11,2
1323,3,9
1324,20,6
1325,1,7
1326,19,8
1327,2,1
1328,11,5
1329,18,4
1330,6,7
1331,10,1
1332,13,3
1333,8,10
1334,17,8
1335,13,9
1336,4,6
1337,6,7
1338,7,6
1339,20,3
1340,7,2
1341,15,7
1342,7,3
1343,6,5
1344,5,1
1345,18,8
1346,13,10
1347,3,7
1348,6,6
1349,4,9
1350,3,8
1351,8,8
1352,8,1
1353,11,1
1354,20,10
1355,8,7
1356,4,7
1357,14,4
1358,18,3
1359,12,8
1360,15,9
1361,14,2
1362,1,9
1363,13,9
1364,7,10
1365,3,8
1366,4,3
1367,7,9
1368,12,1
1369,1,7
1370,16,5
1371,14,9
1372,12,7
1373,7,1
1374,8,6
1375,14,6
1376,9,8
1377,12,5
1378,15,3
1379,7,4
1380,15,1
1381,4,5
1382,17,6
1383,1,8
1384,15,7
1385,3,3
1386,2,7
1387,2,8
1388,18,6
1389,18,3
1390,8,8
1391,13,3
1392,3,7
1393,2,3
1394,2,6
1395,3,1
1396,19,3
1397,19,3
1398,4,3
1399,7,8
1400,18,7
1401,6,6
1402,12,9
1403,14,3
1404,7,10
1405,11,1
1406,16,6
1407,19,1
1408,11,5
1409,8,6
1410,10,3
1411,10,10
1412,12,5
1413,1,1
1414,11,8
1415,6,9
1416,13,10
1417,19,8
1418,12,4
1419,10,5
1420,14,3
1421,9,9
1422,7,8
1423,4,2
1424,11,8
1425,7,9
1426,18,7
1427,15,7
1428,6,10
1429,7,5
1430,13,9
1431,4,8
1432,2,1
1433,17,9
1434,1,9
1435,17,10
1436,4,5
1437,7,5
1438,15,10
1439,5,8
1440,4,4
1441,5,1
1442,18,10
1443,5,4
1444,7,4
1445,2,8
1446,15,9
1447,18,3
1448,3,2
1449,1,9
1450,5,5
1451,8,1
1452,19,1
1453,2,10
1454,4,2
1455,4,8
1456,5,10
1457,5,4
1458,14,7
1459,9,10
1460,7,8
1461,16,2
1462,7,10
1463,3,4
1464,4,8
1465,19,4
1466,17,9
1467,2,1
1468,6,9
1469,14,8
1470,9,3
1471,18,7
1472,6,8
1473,6,8
1474,11,7
1475,5,8
1476,13,3
1477,6,8
1478,18,4
1479,18,6
1480,16,6
1481,4,7
1482,2,2
1483,2,1
1484,3,7
1485,12,2
1486,12,7
1487,13,4
1488,9,3
1489,13,4
1490,6,8
1491,3,6
1492,9,4
1493,15,10
1494,20,1
1495,8,4
1496,16,7
1497,3,7
1498,1,10
1499,12,5
1500,9,6
1501,15,4
1502,3,9
1503,1,4
1504,4,6
1505,14,8
1506,10,1
1507,8,4
1508,6,4
1509,7,9
1510,20,9
1511,3,10
1512,11,1
1513,10,10
1514,13,3
1515,4,2
1516,12,6
1517,5,6
1518,19,1
1519,5,9
1520,6,9
1521,13,9
1522,5,6
1523,4,3
1524,5,2
1525,16,6
1526,5,3
1527,12,8
1528,13,3
1529,19,4
1530,6,5
1531,8,3
1532,2,9
1533,12,8
1534,16,2
1535,11,2
1536,17,6
1537,17,8
1538,1,5
1539,2,1
1540,12,8
1541,10,3
1542,8,4
1543,6,10
1544,7,1
1545,12,10
1546,8,2
1547,12,2
1548,8,10
1549,17,7
1550,12,4
1551,3,7
1552,5,3
1553,8,7
1554,19,1
1555,1,9
1556,20,1
1557,5,9
1558,8,8
1559,9,6
1560,14,9
1561,2,9
1562,15,5
1563,12,9
1564,4,5
1565,15,6
1566,8,8
1567,18,3
1568,1,2
1569,15,8
1570,16,3
1571,2,4
1572,9,5
1573,4,1
1574,5,7
1575,13,7
1576,7,6
1577,7,10
1578,9,9
1579,9,4
1580,19,6
1581,16,5
1582,6,10
1583,15,8
1584,7,8
1585,9,4
1586,13,3
1587,11,3
1588,12,4
1589,17,7
1590,9,2
1591,13,1
1592,19,4
1593,9,5
1594,4,6
1595,14,8
1596,5,7
1597,6,8
1598,5,10
1599,5,6
1600,18,3
1601,7,6
1602,7,9
1603,10,3
1604,7,5
1605,4,6
1606,20,6
1607,12,10
1608,12,3
1609,15,3
1610,5,6
1611,11,4
1612,11,4
1613,7,10
1614,1,10
1615,5,3
1616,4,2
1617,14,3
1618,9,10
1619,19,10
1620,6,1
1621,6,4
1622,20,9
1623,13,4
1624,19,10
1625,11,6
1626,18,7
1627,20,5
1628,11,9
1629,14,3
1630,9,8
1631,20,7
1632,4,9
1633,13,5
1634,9,5
1635,19,2
1636,17,3
1637,13,6
1638,13,1
1639,10,8
1640,4,4
1641,11,9
1642,18,7
1643,12,5
1644,15,4
1645,18,4
1646,11,7
1647,13,1
1648,6,4
1649,6,8
1650,12,1
1651,10,5
1652,8,8
1653,17,3
1654,5,8
1655,14,4
1656,9,6
1657,4,8
1658,7,4
1659,10,1
1660,10,9
1661,11,9
1662,15,10
1663,2,10
1664,6,10
1665,17,10
1666,6,2
1667,6,8
1668,8,8
1669,15,1
1670,17,5
1671,1,4
1672,4,1
1673,19,6
1674,4,10
1675,14,9
1676,1,1
1677,2,10
1678,7,3
1679,4,3
1680,10,3
1681,18,2
1682,19,8
1683,4,7
1684,1,6
1685,19,2
1686,6,9
1687,9,9
1688,8,1
1689,9,5
1690,16,1
1691,5,7
1692,10,7
1693,15,5
1694,4,8
1695,1,4
1696,14,6
1697,8,6
1698,19,10
1699,17,4
1700,4,1
1701,1,5
1702,17,3
1703,16,5
1704,20,3
1705,15,9
1706,17,6
1707,7,1
1708,4,8
1709,19,6
1710,18,6
1711,3,4
1712,14,4
1713,3,8
1714,14,1
1715,3,9
1716,2,5
1717,10,6
1718,8,9
1719,5,1
1720,8,9
1721,11,9
1722,3,5
1723,17,3
1724,19,6
1725,7,3
1726,7,9
1727,11,2
1728,2,7
1729,14,2
1730,16,2
1731,1,6
1732,1,6
1733,15,8
1734,7,7
1735,14,2
1736,3,10
1737,5,10
1738,18,10
1739,2,9
1740,3,2
1741,17,9
1742,9,5
1743,10,6
1744,4,4
1745,3,6
1746,14,3
1747,19,1
1748,17,3
1749,10,8
1750,5,3
1751,8,2
1752,8,1
1753,4,1
1754,16,1
1755,17,7
1756,12,4
1757,9,4
1758,19,3
1759,1,7
1760,3,7
1761,17,7
1762,7,10
1763,7,7
1764,7,4
1765,13,4
1766,15,4
1767,15,1
1768,3,10
1769,16,5
1770,3,4
1771,6,5
1772,8,3
1773,1,6
1774,1,8
1775,11,9
1776,17,7
1777,19,2
1778,18,4
1779,3,2
1780,12,6
1781,9,3
1782,7,3
1783,17,7
1784,15,9
1785,2,2
1786,2,10
1787,9,9
1788,11,7
1789,18,1
1790,17,2
1791,20,10
1792,8,8
1793,12,4
1794,9,5
1795,11,3
1796,5,9
1797,13,8
1798,3,10
1799,4,9
1800,17,1
1801,9,7
1802,4,5
1803,4,6
1804,5,4
1805,4,3
1806,20,3
1807,18,3
1808,8,2
1809,20,8
1810,7,4
1811,2,6
1812,20,10
1813,9,10
1814,12,6
1815,16,5
1816,11,3
1817,1,7
1818,11,2
1819,8,9
1820,6,3
1821,12,4
1822,8,1
1823,15,1
1824,5,7
1825,1,1
1826,12,3
1827,6,4
1828,3,2
1829,14,10
1830,18,8
1831,11,8
1832,20,8
1833,9,1
1834,8,2
1835,1,3
1836,2,9
1837,8,10
1838,18,8
1839,10,1
1840,15,9
1841,5,3
1842,10,8
1843,10,1
1844,5,8
1845,9,10
1846,12,8
1847,2,3
1848,6,5
1849,1,2
1850,4,9
1851,9,1
1852,11,4
1853,16,7
1854,8,5
1855,14,2
1856,4,10
1857,20,3
1858,2,5
1859,10,3
1860,1,2
1861,20,4
1862,8,5
1863,5,10
1864,20,2
1865,18,10
1866,8,10
1867,17,7
1868,18,5
1869,19,7
1870,12,9
1871,11,2
1872,14,1
1873,19,5
1874,10,7
1875,11,6
1876,5,10
1877,15,1
1878,5,5
1879,13,5
1880,18,9
1881,9,5
1882,13,7
1883,14,10
1884,2,7
1885,9,5
1886,2,8
1887,1,3
1888,1,1
1889,4,3
1890,5,8
1891,16,7
1892,6,7
1893,17,4
1894,19,9
1895,1,5
1896,11,5
1897,18,7
1898,7,8
1899,1,8
1900,17,1
1901,3,2
1902,4,1
1903,20,5
1904,7,2
1905,5,5
1906,18,8
1907,10,10
1908,1,4
1909,12,4
1910,2,3
1911,12,10
1912,2,2
1913,9,9
1914,20,7
1915,13,10
1916,17,4
1917,14,10
1918,20,7
1919,3,8
1920,11,6
1921,15,3
1922,5,4
1923,10,1
1924,15,9
1925,10,9
1926,6,3
1927,6,8
1928,12,3
1929,2,4
1930,17,2
1931,1,1
1932,11,5
1933,1,3
1934,7,8
1935,17,4
1936,9,9
1937,14,9
1938,12,6
1939,1,3
1940,3,9
1941,16,10
1942,13,1
1943,6,5
1944,16,3
1945,11,6
1946,20,9
1947,3,5
1948,10,3
1949,7,1
1950,14,1
1951,11,10
1952,6,3
1953,11,7
1954,4,1
1955,10,6
1956,2,1
1957,8,4
1958,8,8
1959,10,4
1960,17,3
1961,14,2
1962,12,2
1963,1,3
1964,12,7
1965,5,1
1966,3,8
1967,4,2
1968,7,2
1969,16,6
1970,16,6
1971,19,3
1972,13,5
1973,15,6
1974,2,3
1975,7,7
1976,16,2
1977,11,4
1978,2,8
1979,6,4
1980,14,9
1981,16,5
1982,8,5
1983,11,8
1984,13,8
1985,17,5
1986,15,10
1987,13,4
1988,9,7
1989,14,6
1990,4,8
1991,13,7
1992,5,5
1993,1,9
1994,3,6
1995,14,10
1996,1,7
1997,5,3
1998,5,6
1999,4,10
2000,1,7
2001,18,7
2002,20,1
2003,13,10
2004,5,4
2005,10,7
2006,17,8
2007,18,3
2008,6,2
2009,9,1
2010,8,3
2011,11,5
2012,13,4
2013,19,1
2014,7,10
2015,11,10
2016,1,6
2017,1,4
2018,19,10
2019,13,5
2020,8,9
2021,2,7
2022,20,10
2023,17,6
2024,15,2
2025,20,8
2026,6,10
2027,2,9
2028,19,5
2029,14,2
2030,16,9
2031,17,5
2032,20,8
2033,19,5
2034,7,5
2035,10,2
2036,17,10
2037,5,2
2038,19,2
2039,6,2
2040,6,8
2041,10,3
2042,9,4
2043,2,2
2044,4,3
2045,19,2
2046,10,10
2047,18,1
2048,6,7
2049,16,6
2050,9,3
2051,12,7
2052,13,4
2053,10,6
2054,7,7
2055,8,5
2056,15,4
2057,1,5
2058,19,2
2059,10,9
2060,14,10
2061,13,9
2062,16,2
2063,15,10
2064,15,6
2065,20,3
2066,20,5
2067,19,3
2068,7,3
2069,16,1
2070,5,10
2071,4,6
2072,9,9
2073,7,10
2074,9,5
2075,9,2
2076,19,7
2077,1,5
2078,19,2
2079,4,2
2080,5,5
2081,2,3
2082,15,4
2083,15,7
2084,19,3
2085,5,4
2086,14,5
2087,16,8
2088,8,4
2089,12,8
2090,5,10
2091,7,3
2092,3,8
2093,2,8
2094,3,3
2095,18,9
2096,1,9
2097,17,7
2098,2,8
2099,8,10
2100,11,8
2101,18,1
2102,8,10
2103,1,8
2104,13,1
2105,13,10
2106,8,7
2107,9,2
2108,9,2
2109,17,5
2110,8,6
2111,19,9
2112,19,8
2113,9,4
2114,19,6
2115,16,6
2116,18,10
2117,20,10
2118,15,1
2119,8,4
2120,1,3
2121,12,6
2122,3,4
2123,3,5
2124,16,4
2125,15,7
2126,11,3
2127,8,5
2128,19,9
2129,15,10
2130,20,4
2131,14,8
2132,19,3
2133,17,6
2134,15,3
2135,18,10
2136,9,7
2137,17,7
2138,10,10
2139,9,2
2140,4,4
2141,17,1
2142,17,8
2143,5,4
2144,5,9
2145,10,7
2146,8,3
2147,16,3
2148,2,5
2149,4,3
2150,5,9
2151,7,10
2152,12,6
2153,1,6
2154,4,1
2155,7,1
2156,17,6
2157,7,6
2158,7,8
2159,19,1
2160,13,9
2161,7,10
2162,5,6
2163,1,9
2164,4,6
2165,11,7
2166,10,10
2167,18,8
2168,7,10
2169,4,7
2170,12,6
2171,11,3
2172,20,5
2173,4,9
2174,3,5
2175,6,5
2176,18,4
2177,20,2
2178,16,2
2179,20,6
2180,14,7
2181,16,5
2182,10,9
2183,20,9
2184,17,8
2185,20,6
2186,2,10
2187,20,1
2188,8,5
2189,14,3
2190,9,9
2191,10,4
2192,15,10
2193,8,4
2194,8,6
2195,19,9
2196,5,5
2197,16,9
2198,7,8
2199,20,5
2200,10,1
2201,11,8
2202,5,9
2203,13,2
2204,18,4
2205,15,1
2206,10,2
2207,15,3
2208,12,2
2209,6,2
2210,10,2
2211,16,6
2212,19,10
2213,4,6
2214,1,10
2215,17,1
2216,19,8
2217,9,10
2218,6,9
2219,8,2
2220,8,1
2221,11,3
2222,6,8
2223,18,8
2224,10,6
2225,2,4
2226,19,7
2227,15,9
2228,9,3
2229,20,4
2230,5,1
2231,3,6
2232,19,5
2233,19,6
2234,18,8
2235,4,1
2236,13,8
2237,18,4
2238,5,9
2239,4,3
2240,1,7
2241,12,6
2242,5,9
2243,14,2
2244,7,6
2245,19,3
2246,6,9
2247,20,5
2248,2,1
2249,8,7
2250,18,10
2251,13,9
2252,3,2
2253,1,9
2254,3,2
2255,4,3
2256,20,1
2257,19,4
2258,3,5
2259,17,2
2260,8,10
2261,20,1
2262,20,5
2263,20,3
2264,4,4
2265,14,10
2266,2,10
2267,2,4
2268,16,8
2269,1,8
2270,10,10
2271,1,8
2272,14,10
2273,2,3
2274,19,7
2275,11,6
2276,18,6
2277,19,6
2278,18,7
2279,20,4
2280,11,9
2281,3,10
2282,15,9
2283,10,10
2284,15,9
2285,19,4
2286,18,4
2287,14,7
2288,11,8
2289,15,5
2290,20,7
2291,7,5
2292,11,2
2293,14,10
2294,16,3
2295,12,5
2296,7,8
2297,2,5
2298,8,1
2299,5,5
2300,11,4
2301,20,6
2302,4,9
2303,18,1
2304,19,8
2305,3,3
2306,9,10
2307,17,1
2308,15,4
2309,2,4
2310,6,9
2311,6,2
2312,11,4
2313,10,6
2314,12,8
2315,8,10
2316,2,9
2317,19,4
2318,19,2
2319,15,2
2320,3,4
2321,12,5
2322,9,1
2323,7,1
2324,9,3
2325,11,6
2326,1,6
2327,1,3
2328,3,2
2329,19,1
2330,10,4
2331,18,7
2332,15,5
2333,4,9
2334,4,6
2335,19,10
2336,10,7
2337,18,2
2338,20,2
2339,19,8
2340,13,7
2341,9,1
2342,8,4
2343,20,4
2344,18,8
2345,6,10
2346,19,4
2347,8,4
2348,5,8
2349,16,1
2350,1,5
2351,4,7
2352,3,7
2353,19,2
2354,5,6
2355,18,6
2356,16,9
2357,16,5
2358,20,7
2359,13,7
2360,3,5
2361,13,3
2362,11,8
2363,9,3
2364,12,6
2365,16,4
2366,14,10
2367,8,10
2368,9,2
2369,15,7
2370,4,4
2371,10,3
2372,17,4
2373,13,7
2374,20,7
2375,12,8
2376,11,9
2377,5,7
2378,12,8
2379,2,10
2380,17,10
2381,8,7
2382,4,4
2383,16,3
2384,10,8
2385,18,5
2386,13,2
2387,16,2
2388,2,4
2389,12,1
2390,15,6
2391,2,6
2392,3,6
2393,18,1
2394,6,6
2395,10,3
2396,7,8
2397,15,3
2398,18,8
2399,12,8
2400,15,3
2401,17,2
2402,6,3
2403,1,3
2404,9,1
2405,18,4
2406,15,1
2407,12,8
2408,18,6
2409,1,5
2410,3,7
2411,11,2
2412,20,9
2413,16,8
2414,3,4
2415,6,8
2416,15,6
2417,15,9
2418,20,3
2419,19,2
2420,9,2
2421,12,4
2422,14,7
2423,4,7
2424,3,4
2425,19,8
2426,10,1
2427,14,8
2428,1,8
2429,15,2
2430,13,9
2431,3,10
2432,10,9
2433,7,10
2434,7,7
2435,7,5
2436,11,4
2437,1,4
2438,5,3
2439,9,2
2440,11,2
2441,9,9
2442,12,9
2443,17,8
2444,5,6
2445,4,6
2446,11,6
2447,12,10
2448,10,7
2449,14,6
2450,3,3
2451,14,7
2452,16,6
2453,18,10
2454,13,9
2455,9,1
2456,4,3
2457,13,7
2458,6,10
2459,5,4
2460,7,6
2461,4,10
2462,20,5
2463,14,8
2464,20,1
2465,4,7
2466,14,7
2467,11,3
2468,16,1
2469,17,10
2470,18,10
2471,3,6
2472,4,10
2473,19,9
2474,2,3
2475,9,9
2476,9,5
2477,9,6
2478,15,2
2479,20,10
2480,12,2
2481,13,6
2482,11,5
2483,12,5
2484,19,2
2485,9,6
2486,10,10
2487,15,8
2488,9,4
2489,6,2
2490,18,9
2491,5,8
2492,10,9
2493,5,5
2494,2,9
2495,15,7
2496,19,8
2497,1,7
2498,16,8
2499,9,3
2500,5,2
2501,7,5
2502,11,2
2503,18,2
2504,14,7
2505,6,5
2506,17,1
2507,8,8
2508,19,9
2509,1,6
2510,12,5
2511,11,3
2512,20,6
2513,10,8
2514,7,4
2515,20,9
2516,19,1
2517,18,2
2518,20,1
2519,16,3
2520,3,3
2521,9,9
2522,16,3
2523,13,10
2524,7,7
2525,18,4
2526,17,6
2527,19,4
2528,14,3
2529,1,1
2530,6,8
2531,9,1
2532,7,2
2533,15,5
2534,8,5
2535,8,2
2536,19,7
2537,10,3
2538,13,9
2539,6,8
2540,9,3
2541,7,4
2542,14,6
2543,17,2
2544,14,8
2545,5,10
2546,7,9
2547,16,8
2548,13,2
2549,18,2
2550,7,8
2551,3,8
2552,10,7
2553,9,2
2554,13,7
2555,20,7
2556,15,7
2557,2,4
2558,7,4
2559,16,9
2560,7,6
2561,16,7
2562,14,9
2563,17,2
2564,12,2
2565,11,7
2566,11,8
2567,6,2
2568,19,5
2569,12,4
2570,4,5
2571,1,10
2572,19,6
2573,3,1
2574,12,8
2575,5,4
2576,6,8
2577,5,1
2578,14,6
2579,11,6
2580,11,5
2581,18,2
2582,18,3
2583,14,4
2584,1,1
2585,7,7
2586,10,1
2587,6,9
2588,3,5
2589,8,5
2590,17,6
2591,6,1
2592,18,9
2593,6,10
2594,10,3
2595,20,4
2596,16,8
2597,18,7
2598,12,10
2599,10,5
2600,3,4
2601,13,8
2602,7,1
2603,9,10
2604,16,9
2605,1,10
2606,8,9
2607,13,4
2608,4,8
2609,12,8
2610,14,1
2611,5,4
2612,5,10
2613,12,3
2614,14,9
2615,1,2
2616,8,4
2617,9,9
2618,18,9
2619,17,5
2620,15,8
2621,17,6
2622,1,9
2623,9,5
2624,14,10
2625,9,3
2626,3,5
2627,4,6
2628,4,4
2629,1,1
2630,7,9
2631,14,6
2632,14,6
2633,17,9
2634,8,4
2635,12,5
2636,13,7
2637,17,9
2638,11,8
2639,16,5
2640,10,8
2641,6,5
2642,5,1
2643,10,6
2644,18,8
2645,7,9
2646,4,6
2647,5,3
2648,4,7
2649,2,1
2650,18,6
2651,16,2
2652,2,4
2653,14,6
2654,18,6
2655,14,5
2656,15,6
2657,20,10
2658,1,4
2659,3,4
2660,18,7
2661,3,1
2662,7,6
2663,7,9
2664,11,10
2665,20,4
2666,11,2
2667,1,6
2668,18,7
2669,13,6
2670,10,1
2671,6,1
2672,5,6
2673,14,9
2674,19,1
2675,18,2
2676,5,7
2677,9,10
2678,11,2
2679,1,5
2680,9,5
2681,13,7
2682,18,3
2683,5,7
2684,18,10
2685,2,8
2686,4,6
2687,5,7
2688,6,6
2689,15,3
2690,18,10
2691,14,7
2692,17,3
2693,9,7
2694,8,6
2695,10,3
2696,6,4
2697,8,5
2698,5,5
2699,4,6
2700,14,4
2701,16,6
2702,6,3
2703,16,6
2704,5,8
2705,19,8
2706,4,10
2707,1,2
2708,8,5
2709,10,9
2710,4,1
2711,19,9
2712,17,9
2713,10,5
2714,4,1
2715,3,4
2716,5,8
2717,11,3
2718,5,10
2719,2,8
2720,7,10
2721,8,9
2722,18,9
2723,15,5
2724,5,6
2725,11,3
2726,3,2
2727,9,3
2728,19,10
2729,12,8
2730,1,2
2731,5,9
2732,5,2
2733,8,9
2734,15,5
2735,12,7
2736,18,4
2737,8,2
2738,20,3
2739,18,2
2740,16,2
2741,16,9
2742,1,7
2743,16,4
2744,6,8
2745,16,4
2746,10,7
2747,11,5
2748,6,6
2749,7,5
2750,14,10
2751,6,10
2752,18,9
2753,10,8
2754,11,10
2755,16,6
2756,8,1
2757,1,2
2758,18,8
2759,5,10
2760,18,2
2761,16,1
2762,11,3
2763,20,3
2764,5,2
2765,15,6
2766,9,3
2767,5,3
2768,10,9
2769,1,5
2770,12,5
2771,15,5
2772,9,1
2773,15,6
2774,18,9
2775,12,2
2776,10,1
2777,6,1
2778,17,5
2779,3,5
2780,12,4
2781,4,5
2782,20,9
2783,1,7
2784,8,9
2785,16,1
2786,2,7
2787,13,8
2788,19,4
2789,16,10
2790,11,4
2791,20,7
2792,17,9
2793,2,9
2794,18,3
2795,8,8
2796,2,4
2797,19,5
2798,2,8
2799,19,2
2800,12,7
2801,14,4
2802,11,5
2803,4,4
2804,14,1
2805,16,7
2806,3,7
2807,5,2
2808,6,7
2809,15,10
2810,5,4
2811,2,3
2812,17,1
2813,13,5
2814,18,5
2815,3,6
2816,3,10
2817,11,1
2818,14,6
2819,2,10
2820,15,5
2821,5,6
2822,12,2
2823,9,9
2824,8,5
2825,6,7
2826,13,5
2827,3,8
2828,3,9
2829,14,6
2830,5,4
2831,16,10
2832,1,6
2833,1,4
2834,4,7
2835,6,7
2836,8,2
2837,19,5
2838,12,8
2839,12,6
2840,8,6
2841,1,2
2842,17,8
2843,6,1
2844,16,3
2845,2,1
2846,7,6
2847,11,3
2848,8,3
2849,18,9
2850,8,5
2851,16,1
2852,12,1
2853,1,7
2854,10,4
2855,10,5
2856,14,2
2857,17,6
2858,14,9
2859,18,6
2860,3,7
2861,18,1
2862,11,9
2863,13,2
2864,5,6
2865,18,8
2866,6,5
2867,10,7
2868,10,2
2869,16,7
2870,20,8
2871,19,3
2872,6,2
2873,10,9
2874,20,1
2875,7,8
2876,13,7
2877,14,10
2878,13,8
2879,8,5
2880,5,2
2881,2,6
2882,16,8
2883,11,6
2884,18,5
2885,12,6
2886,10,2
2887,11,3
2888,15,1
2889,19,10
2890,15,4
2891,20,7
2892,2,3
2893,14,10
2894,4,8
2895,18,8
2896,9,1
2897,3,7
2898,16,9
2899,19,3
2900,2,6
2901,7,6
2902,5,1
2903,5,5
2904,2,6
2905,9,2
2906,20,2
2907,10,1
2908,12,10
2909,5,8
2910,20,8
2911,13,10
2912,10,5
2913,1,1
2914,19,1
2915,2,8
2916,18,2
2917,14,3
2918,14,5
2919,15,10
2920,14,6
2921,17,6
2922,2,6
2923,18,6
2924,15,1
2925,15,7
2926,5,8
2927,16,10
2928,8,8
2929,5,6
2930,20,9
2931,18,9
2932,13,6
2933,8,4
2934,4,9
2935,20,8
2936,5,6
2937,19,5
2938,16,4
2939,16,9
2940,3,10
2941,5,4
2942,18,7
2943,19,5
2944,8,10
2945,9,10
2946,6,4
2947,15,2
2948,10,2
2949,14,5
2950,5,10
2951,4,4
2952,9,5
2953,3,8
2954,4,2
2955,8,5
2956,17,4
2957,19,4
2958,4,8
2959,15,6
2960,15,6
2961,12,7
2962,13,10
2963,2,3
2964,17,6
2965,8,9
2966,13,7
2967,16,2
2968,17,9
2969,19,3
2970,13,7
2971,6,7
2972,18,8
2973,16,9
2974,6,2
2975,3,4
2976,3,4
2977,11,3
2978,15,5
2979,5,10
2980,8,10
2981,18,1
2982,2,1
2983,13,1
2984,10,2
2985,10,5
2986,19,4
2987,4,3
2988,9,7
2989,8,4
2990,13,10
2991,13,10
2992,12,9
2993,20,1
2994,6,4
2995,9,9
2996,12,5
2997,19,4
2998,4,8
2999,15,6
3000,3,4
3001,17,8
3002,18,1
3003,8,6
3004,12,1
3005,17,3
3006,1,6
3007,2,1
3008,15,2
3009,2,7
3010,18,8
3011,15,8
3012,7,8
3013,15,6
3014,2,3
3015,20,9
3016,10,8
3017,14,6
3018,20,10
3019,9,2
3020,2,8
3021,6,10
3022,8,9
3023,18,6
3024,2,8
3025,10,8
3026,17,4
3027,6,3
3028,4,10
3029,10,5
3030,1,10
3031,12,5
3032,3,7
3033,6,5
3034,15,8
3035,13,10
3036,9,4
3037,7,8
3038,17,1
3039,14,4
3040,3,9
3041,6,2
3042,5,1
3043,4,8
3044,10,7
3045,9,2
3046,13,3
3047,3,4
3048,13,4
3049,7,10
3050,5,5
3051,9,9
3052,6,2
3053,18,5
3054,5,4
3055,6,7
3056,14,9
3057,20,6
3058,20,8
3059,2,4
3060,14,4
3061,10,10
3062,18,8
3063,16,5
3064,20,3
3065,5,9
3066,1,1
3067,2,10
3068,16,3
3069,1,7
3070,3,1
3071,1,1
3072,5,8
3073,6,8
3074,8,8
3075,13,8
3076,17,9
3077,5,6
3078,4,5
3079,4,10
3080,4,2
3081,3,6
3082,4,10
3083,14,9
3084,5,6
3085,13,8
3086,12,2
3087,12,7
3088,4,7
3089,15,9
3090,7,2
3091,1,3
3092,17,3
3093,14,1
3094,4,1
3095,17,3
3096,2,6
3097,14,10
3098,10,5
3099,15,4
3100,16,8
3101,1,6
3102,14,4
3103,16,7
3104,15,8
3105,1,10
3106,17,5
3107,1,10
3108,12,5
3109,13,1
3110,13,7
3111,12,9
3112,7,3
3113,7,4
3114,1,8
3115,13,4
3116,3,5
3117,17,3
3118,10,7
3119,4,7
3120,15,8
3121,6,8
3122,1,3
3123,8,3
3124,11,5
3125,7,7
3126,18,6
3127,20,7
3128,17,7
3129,12,5
3130,10,7
3131,1,1
3132,17,5
3133,5,5
3134,3,3
3135,5,2
3136,13,3
3137,20,2
3138,19,6
3139,20,3
3140,14,10
3141,10,9
3142,16,9
3143,7,6
3144,13,7
3145,5,2
3146,8,7
3147,12,2
3148,14,10
3149,18,6
3150,18,2
3151,4,4
3152,5,6
3153,12,9
3154,19,8
3155,16,1
3156,7,10
3157,19,6
3158,19,10
3159,8,3
3160,17,2
3161,10,2
3162,2,6
3163,17,4
3164,7,3
3165,8,8
3166,8,4
3167,13,4
3168,6,2
3169,8,9
3170,5,9
3171,8,3
3172,18,6
3173,8,7
3174,14,4
3175,20,1
3176,9,8
3177,4,6
3178,8,4
3179,2,3
3180,6,10
3181,1,10
3182,8,4
3183,13,3
3184,2,10
3185,15,8
3186,2,5
3187,11,9
3188,19,5
3189,19,4
3190,7,8
3191,14,10
3192,2,1
3193,3,6
3194,10,10
3195,9,8
3196,12,9
3197,14,4
3198,14,9
3199,11,10
3200,5,3
3201,9,2
3202,14,6
3203,15,7
3204,4,1
3205,18,4
3206,12,5
3207,19,5
3208,6,4
3209,15,7
3210,18,2
3211,15,5
3212,14,1
3213,7,8
3214,15,5
3215,19,10
3216,16,6
3217,7,9
3218,5,7
3219,1,4
3220,12,5
3221,15,3
3222,19,9
3223,15,1
3224,16,10
3225,4,6
3226,13,3
3227,19,2
3228,9,10
3229,7,4
3230,3,5
3231,11,6
3232,7,8
3233,4,10
3234,6,1
3235,20,8
3236,2,2
3237,7,6
3238,19,10
3239,5,6
3240,3,10
3241,18,1
3242,20,6
3243,12,8
3244,7,7
3245,5,10
3246,20,8
3247,17,4
3248,14,4
3249,15,4
3250,16,5
3251,4,7
3252,3,9
3253,15,2
3254,18,10
3255,18,8
3256,2,9
3257,16,8
3258,18,3
3259,1,6
3260,13,6
3261,19,5
3262,17,1
3263,9,7
3264,6,2
3265,12,4
3266,10,9
3267,5,10
3268,19,3
3269,4,10
3270,16,5
3271,3,5
3272,15,3
3273,1,5
3274,6,3
3275,6,3
3276,13,9
3277,7,4
3278,20,3
3279,20,9
3280,13,3
3281,8,3
3282,16,4
3283,3,3
3284,14,10
3285,15,7
3286,10,3
3287,7,8
3288,16,3
3289,17,6
3290,9,3
3291,3,4
3292,12,1
3293,3,5
3294,17,10
3295,19,9
3296,1,5
3297,16,6
3298,8,3
3299,4,6
3300,16,10
3301,12,10
3302,6,9
3303,1,2
3304,18,3
3305,14,5
3306,1,10
3307,9,10
3308,15,3
3309,9,2
3310,13,6
3311,20,1
3312,18,4
3313,12,1
3314,1,3
3315,3,4
3316,2,7
3317,9,6
3318,16,1
3319,8,2
3320,5,3
3321,16,1
3322,8,5
3323,14,10
3324,13,1
3325,8,6
3326,16,3
3327,12,2
3328,14,4
3329,5,5
3330,15,9
3331,17,5
3332,1,8
3333,18,10
3334,18,1
3335,17,7
3336,2,9
3337,11,1
3338,7,8
3339,15,8
3340,5,5
3341,12,6
3342,9,3
3343,19,8
3344,11,3
3345,1,9
3346,17,9
3347,8,4
3348,9,5
3349,4,4
3350,2,10
3351,9,9
3352,13,5
3353,15,7
3354,20,2
3355,7,5
3356,12,10
3357,3,5
3358,14,5
3359,12,10
3360,13,8
3361,3,2
3362,7,6
3363,12,7
3364,1,6
3365,17,8
3366,20,3
3367,8,1
3368,16,9
3369,16,6
3370,5,4
3371,20,8
3372,3,7
3373,14,3
3374,8,5
3375,3,7
3376,9,8
3377,20,8
3378,4,1
3379,14,10
3380,7,7
3381,14,3
3382,11,10
3383,10,2
3384,9,5
3385,1,8
3386,12,7
3387,13,6
3388,5,10
3389,19,4
3390,18,8
3391,17,7
3392,4,1
3393,15,3
3394,7,6
3395,12,6
3396,4,4
3397,12,6
3398,4,9
3399,14,4
3400,16,6
3401,12,2
3402,13,8
3403,12,8
3404,9,5
3405,2,9
3406,6,5
3407,11,4
3408,18,1
3409,2,3
3410,16,10
3411,19,4
3412,10,7
3413,18,6
3414,12,10
3415,7,3
3416,9,5
3417,9,7
3418,5,6
3419,12,1
3420,18,9
3421,6,2
3422,4,7
3423,9,7
3424,11,3
3425,7,10
3426,2,4
3427,5,7
3428,7,3
3429,12,9
3430,4,5
3431,16,1
3432,5,6
3433,8,2
3434,14,5
3435,17,6
3436,7,8
3437,20,1
3438,20,5
3439,3,2
3440,11,5
3441,18,10
3442,18,9
3443,1,5
3444,3,6
3445,10,9
3446,2,8
3447,3,2
3448,18,10
3449,18,9
3450,20,4
3451,5,3
3452,7,2
3453,11,7
3454,13,9
3455,4,1
3456,4,1
3457,15,5
3458,3,3
3459,8,4
3460,18,1
3461,7,10
3462,9,5
3463,16,1
3464,13,6
3465,20,8
3466,7,1
3467,11,6
3468,19,10
3469,3,4
3470,15,7
3471,2,8
3472,14,4
3473,11,9
3474,19,7
3475,14,1
3476,16,6
3477,8,1
3478,18,9
3479,1,2
3480,7,1
3481,13,6
3482,16,9
3483,6,3
3484,11,8
3485,1,2
3486,12,1
3487,1,6
3488,6,9
3489,5,6
3490,10,4
3491,8,4
3492,6,2
3493,4,7
3494,16,5
3495,15,4
3496,3,6
3497,12,1
3498,18,9
3499,11,10
3500,3,3
3501,14,4
3502,15,8
3503,6,3
3504,14,5
3505,19,10
3506,6,10
3507,8,10
3508,9,2
3509,7,10
3510,7,6
3511,4,4
3512,18,10
3513,5,8
3514,7,5
3515,2,7
3516,12,3
3517,3,2
3518,15,2
3519,1,1
3520,9,6
3521,10,6
3522,15,10
3523,18,4
3524,13,1
3525,10,7
3526,9,8
3527,15,4
3528,4,3
3529,9,9
3530,12,6
3531,12,8
3532,12,9
3533,6,4
3534,19,5
3535,4,2
3536,17,8
3537,10,9
3538,9,9
3539,13,3
3540,6,2
3541,14,7
3542,17,1
3543,18,4
3544,2,10
3545,6,5
3546,9,8
3547,18,10
3548,10,8
3549,11,3
3550,17,5
3551,12,9
3552,10,4
3553,18,3
3554,1,6
3555,14,10
3556,2,7
3557,8,2
3558,11,6
3559,10,1
3560,7,2
3561,13,6
3562,2,6
3563,11,6
3564,15,5
3565,4,9
3566,10,6
3567,7,7
3568,6,7
3569,4,5
3570,9,10
3571,9,10
3572,8,3
3573,15,5
3574,19,8
3575,14,6
3576,1,1
3577,12,8
3578,12,6
3579,15,7
3580,6,1
3581,4,10
3582,20,8
3583,6,2
3584,2,10
3585,12,1
3586,2,9
3587,3,7
3588,15,9
3589,16,7
3590,16,9
3591,7,1
3592,16,8
3593,8,10
3594,5,4
3595,1,8
3596,7,8
3597,7,5
3598,4,6
3599,9,1
3600,6,3
3601,8,6
3602,17,9
3603,17,6
3604,11,4
3605,7,3
3606,5,3
3607,16,4
3608,1,8
3609,3,1
3610,12,10
3611,12,10
3612,5,1
3613,16,2
3614,4,4
3615,13,8
3616,19,9
3617,10,3
3618,9,9
3619,14,4
3620,7,6
3621,6,3
3622,7,2
3623,2,9
3624,2,5
3625,4,7
3626,10,8
3627,8,10
3628,13,10
3629,4,6
3630,1,5
3631,2,9
3632,15,8
3633,15,6
3634,19,3
3635,16,4
3636,12,2
3637,6,2
3638,6,3
3639,16,9
3640,14,3
3641,8,5
3642,11,4
3643,3,1
3644,15,10
3645,15,10
3646,4,6
3647,11,6
3648,7,2
3649,10,4
3650,2,3
3651,5,8
3652,2,7
3653,16,6
3654,16,2
3655,9,7
3656,13,9
3657,1,6
3658,14,1
3659,14,3
3660,12,2
3661,20,4
3662,9,2
3663,10,2
3664,19,7
3665,2,1
3666,19,8
3667,16,7
3668,6,6
3669,2,3
3670,13,8
3671,19,8
3672,19,8
3673,16,7
3674,16,8
3675,5,9
3676,3,7
3677,17,7
3678,13,6
3679,14,4
3680,18,8
3681,20,6
3682,14,10
3683,12,2
3684,12,8
3685,8,9
3686,14,7
3687,3,4
3688,11,5
3689,4,3
3690,11,6
3691,6,4
3692,18,10
3693,4,7
3694,8,1
3695,4,2
3696,19,2
3697,15,2
3698,20,9
3699,6,4
3700,17,2
3701,15,7
3702,13,2
3703,11,2
3704,8,7
3705,14,3
3706,3,10
3707,16,1
3708,18,6
3709,1,2
3710,19,10
3711,17,4
3712,14,1
3713,3,3
3714,5,10
3715,4,8
3716,6,9
3717,8,5
3718,20,4
3719,8,2
3720,18,5
3721,4,10
3722,6,9
3723,5,3
3724,11,6
3725,15,3
3726,18,10
3727,18,3
3728,11,6
3729,12,2
3730,14,7
3731,10,7
3732,14,4
3733,8,8
3734,2,1
3735,8,6
3736,13,2
3737,10,1
3738,13,10
3739,10,1
3740,17,10
3741,20,9
3742,7,7
3743,1,5
3744,1,1
3745,14,2
3746,10,3
3747,11,6
3748,20,8
3749,1,6
3750,3,3
3751,5,10
3752,16,2
3753,14,2
3754,13,2
3755,13,9
3756,16,6
3757,17,1
3758,7,8
3759,4,5
3760,19,4
3761,6,1
3762,3,9
3763,9,8
3764,15,6
3765,4,4
3766,5,9
3767,1,10
3768,9,9
3769,4,10
3770,10,4
3771,2,8
3772,1,10
3773,20,8
3774,20,4
3775,19,9
3776,2,8
3777,19,8
3778,16,2
3779,11,9
3780,1,4
3781,18,5
3782,19,1
3783,7,5
3784,4,6
3785,5,7
3786,10,1
3787,4,3
3788,7,5
3789,18,3
3790,20,8
3791,16,1
3792,17,10
3793,1,5
3794,19,6
3795,9,6
3796,5,9
3797,16,2
3798,3,10
3799,4,5
3800,1,5
3801,14,4
3802,2,6
3803,8,8
3804,14,8
3805,1,9
3806,4,7
3807,5,5
3808,11,10
3809,5,6
3810,6,7
3811,6,5
3812,2,3
3813,18,10
3814,17,5
3815,8,2
3816,13,10
3817,9,1
3818,15,5
3819,20,4
3820,14,7
3821,13,8
3822,13,9
3823,6,9
3824,10,6
3825,18,4
3826,1,4
3827,10,9
3828,17,6
3829,1,8
3830,18,10
3831,4,4
3832,19,10
3833,6,7
3834,17,2
3835,6,5
3836,19,1
3837,3,2
3838,18,6
3839,8,9
3840,13,10
3841,18,7
3842,15,7
3843,17,3
3844,1,2
3845,11,10
3846,14,9
3847,12,5
3848,13,5
3849,4,8
3850,9,4
3851,20,2
3852,7,3
3853,5,6
3854,14,10
3855,17,1
3856,12,1
3857,14,9
3858,6,1
3859,14,2
3860,14,1
3861,18,5
3862,4,5
3863,20,5
3864,14,2
3865,20,4
3866,20,6
3867,17,1
3868,18,8
3869,4,1
3870,13,8
3871,1,8
3872,7,1
3873,20,10
3874,2,1
3875,12,6
3876,20,7
3877,5,10
3878,13,10
3879,5,10
3880,18,10
3881,4,8
3882,16,9
3883,15,9
3884,6,6
3885,19,3
3886,8,8
3887,8,9
3888,11,4
3889,10,2
3890,18,1
3891,17,6
3892,17,10
3893,16,6
3894,15,2
3895,11,4
3896,13,3
3897,7,6
3898,20,3
3899,20,7
3900,3,5
3901,2,5
3902,19,8
3903,20,9
3904,9,2
3905,9,3
3906,20,9
3907,3,4
3908,11,10
3909,8,6
3910,1,5
3911,15,1
3912,12,5
3913,2,1
3914,18,7
3915,4,9
3916,15,1
3917,9,6
3918,1,2
3919,13,3
3920,14,8
3921,8,9
3922,16,6
3923,16,10
3924,4,10
3925,20,10
3926,13,7
3927,2,6
3928,14,4
3929,14,5
3930,15,7
3931,16,4
3932,12,7
3933,3,10
3934,11,1
3935,17,3
3936,20,10
3937,11,1
3938,20,9
3939,20,5
3940,17,4
3941,11,4
3942,17,7
3943,16,3
3944,15,3
3945,16,6
3946,9,7
3947,16,5
3948,1,5
3949,13,8
3950,2,1
3951,14,2
3952,15,1
3953,10,10
3954,3,7
3955,19,7
3956,10,8
3957,6,8
3958,17,9
3959,7,1
3960,12,1
3961,15,9
3962,1,9
3963,12,7
3964,10,7
3965,19,10
3966,20,3
3967,13,6
3968,12,4
3969,10,3
3970,19,9
3971,8,9
3972,4,10
3973,10,4
3974,18,7
3975,12,4
3976,5,2
3977,12,9
3978,12,9
3979,16,8
3980,5,7
3981,18,7
3982,2,2
3983,13,3
3984,11,3
3985,2,3
3986,12,7
3987,14,10
3988,19,5
3989,19,10
3990,14,4
3991,18,1
3992,6,2
3993,14,9
3994,12,5
3995,14,6
3996,7,3
3997,15,1
3998,19,4
3999,7,9
4000,5,6
4001,16,1
4002,4,1
4003,10,9
4004,13,9
4005,17,10
4006,3,6
4007,10,9
4008,2,8
4009,11,1
4010,9,10
4011,16,3
4012,16,3
4013,3,1
4014,7,8
4015,14,4
4016,16,4
4017,8,7
4018,9,5
4019,19,8
4020,20,6
4021,14,1
4022,7,10
4023,4,2
4024,7,7
4025,16,6
4026,2,6
4027,16,7
4028,8,2
4029,5,5
4030,5,5
4031,8,6
4032,11,3
4033,9,10
4034,12,2
4035,15,8
4036,2,9
4037,13,5
4038,20,2
4039,20,8
4040,18,1
4041,10,9
4042,11,3
4043,6,6
4044,15,3
4045,12,3
4046,19,1
4047,15,10
4048,19,5
4049,6,6
4050,5,1
4051,7,8
4052,8,5
4053,20,3
4054,19,9
4055,13,5
4056,11,3
4057,1,10
4058,5,1
4059,4,7
4060,4,6
4061,4,2
4062,3,2
4063,9,9
4064,20,9
4065,14,5
4066,7,5
4067,3,10
4068,7,4
4069,7,8
4070,5,6
4071,18,7
4072,1,2
4073,15,7
4074,17,3
4075,16,9
4076,8,10
4077,16,1
4078,18,2
4079,5,8
4080,10,7
4081,6,6
4082,12,8
4083,20,1
4084,5,4
4085,2,9
4086,13,1
4087,7,6
4088,11,1
4089,19,2
4090,13,7
4091,12,8
4092,19,5
4093,4,7
4094,1,8
4095,2,6
4096,10,7
4097,6,5
4098,14,2
4099,14,7
4100,5,10
4101,16,3
4102,14,9
4103,10,5
4104,5,1
4105,12,3
4106,5,4
4107,14,3
4108,3,3
4109,3,9
4110,15,9
4111,1,5
4112,5,6
4113,12,7
4114,6,7
4115,16,10
4116,9,9
4117,15,5
4118,8,7
4119,3,8
4120,1,7
4121,6,3
4122,15,7
4123,18,3
4124,15,2
4125,19,1
4126,8,2
4127,2,2
4128,12,10
4129,4,5
4130,18,1
4131,16,6
4132,7,8
4133,19,8
4134,7,6
4135,12,7
4136,14,8
4137,8,9
4138,12,2
4139,1,1
4140,20,6
4141,14,10
4142,16,7
4143,17,9
4144,8,9
4145,17,5
4146,6,5
4147,10,3
4148,7,10
4149,3,3
4150,10,5
4151,6,5
4152,2,5
4153,8,1
4154,6,3
4155,13,7
4156,15,9
4157,16,3
4158,8,2
4159,7,1
4160,17,9
4161,20,6
4162,6,10
4163,16,10
4164,4,7
4165,6,6
4166,3,7
4167,7,1
4168,6,6
4169,4,6
4170,13,4
4171,2,10
4172,10,6
4173,11,9
4174,19,5
4175,14,5
4176,9,3
4177,3,7
4178,12,1
4179,6,10
4180,2,6
4181,2,9
4182,1,3
4183,2,4
4184,5,6
4185,8,7
4186,13,3
4187,8,6
4188,14,5
4189,14,9
4190,14,8
4191,10,3
4192,19,8
4193,2,8
4194,2,8
4195,16,4
4196,1,7
4197,10,3
4198,10,7
4199,19,9
4200,17,1
4201,18,5
4202,18,5
4203,9,6
4204,14,7
4205,3,3
4206,18,6
4207,9,8
4208,13,3
4209,17,3
4210,10,10
4211,12,7
4212,4,5
4213,3,5
4214,1,3
4215,19,5
4216,13,9
4217,16,1
4218,13,7
4219,20,10
4220,19,7
4221,3,3
4222,2,3
4223,6,4
4224,19,8
4225,5,9
4226,5,4
4227,14,5
4228,12,7
4229,20,9
4230,19,3
4231,18,1
4232,8,3
4233,12,10
4234,15,1
4235,10,9
4236,3,10
4237,2,6
4238,8,5
4239,10,5
4240,11,6
4241,3,8
4242,11,2
4243,7,5
4244,1,9
4245,15,5
4246,13,9
4247,16,7
4248,17,5
4249,17,1
4250,14,2
4251,19,7
4252,18,8
4253,4,8
4254,19,9
4255,19,8
4256,16,6
4257,16,1
4258,8,10
4259,7,10
4260,17,4
4261,18,3
4262,10,1
4263,16,3
4264,2,3
4265,11,9
4266,12,1
4267,4,1
4268,2,10
4269,12,6
4270,6,7
4271,9,10
4272,1,1
4273,17,4
4274,18,3
4275,1,6
4276,9,3
4277,14,7
4278,6,5
4279,14,7
4280,10,9
4281,8,10
4282,17,10
4283,4,7
4284,4,7
4285,15,5
4286,9,9
4287,4,9
4288,5,9
4289,8,1
4290,7,2
4291,20,3
4292,12,2
4293,7,1
4294,2,10
4295,8,8
4296,6,2
4297,11,6
4298,11,6
4299,5,2
4300,9,6
4301,1,10
4302,1,2
4303,13,6
4304,16,8
4305,13,1
4306,4,1
4307,13,1
4308,17,1
4309,4,7
4310,20,10
4311,6,5
4312,6,5
4313,13,1
4314,5,1
4315,2,8
4316,7,10
4317,18,5
4318,12,7
4319,10,7
4320,18,9
4321,13,10
4322,2,10
4323,7,5
4324,20,4
4325,1,6
4326,8,7
4327,3,3
4328,1,9
4329,17,7
4330,2,5
4331,15,3
4332,16,10
4333,8,7
4334,10,9
4335,7,8
4336,19,3
4337,9,1
4338,14,7
4339,8,10
4340,11,9
4341,4,1
4342,12,10
4343,3,8
4344,5,6
4345,13,8
4346,7,7
4347,13,4
4348,14,9
4349,20,6
4350,11,7
4351,5,7
4352,10,1
4353,9,3
4354,2,6
4355,18,4
4356,1,10
4357,4,5
4358,3,5
4359,8,7
4360,5,1
4361,3,6
4362,16,3
4363,3,3
4364,6,7
4365,5,3
4366,9,8
4367,20,3
4368,2,7
4369,17,3
4370,14,9
4371,10,9
4372,2,9
4373,2,10
4374,19,7
4375,18,4
4376,19,9
4377,16,6
4378,1,4
4379,2,3
4380,1,2
4381,10,2
4382,3,3
4383,12,3
4384,3,1
4385,20,1
4386,14,7
4387,2,10
4388,4,8
4389,2,4
4390,5,1
4391,11,6
4392,14,1
4393,7,10
4394,18,4
4395,1,2
4396,17,9
4397,7,2
4398,3,10
4399,3,1
4400,3,1
4401,1,10
4402,6,3
4403,10,10
4404,1,8
4405,13,4
4406,13,4
4407,7,8
4408,7,9
4409,9,1
4410,3,2
4411,8,2
4412,6,4
4413,19,7
4414,6,2
4415,8,2
4416,1,10
4417,10,3
4418,16,6
4419,19,9
4420,19,6
4421,7,7
4422,3,8
4423,14,10
4424,10,3
4425,10,6
4426,20,2
4427,19,2
4428,15,5
4429,1,6
4430,10,4
4431,7,2
4432,20,3
4433,4,6
4434,20,10
4435,14,2
4436,3,7
4437,10,2
4438,14,10
4439,18,9
4440,4,3
4441,14,3
4442,16,3
4443,12,7
4444,14,2
4445,4,2
4446,15,1
4447,10,5
4448,16,2
4449,19,10
4450,17,9
4451,17,8
4452,14,9
4453,15,3
4454,8,5
4455,16,10
4456,5,5
4457,9,1
4458,2,5
4459,16,3
4460,2,4
4461,9,10
4462,7,10
4463,2,8
4464,17,10
4465,13,7
4466,1,8
4467,16,9
4468,3,8
4469,13,7
4470,9,5
4471,7,8
4472,6,7
4473,19,7
4474,14,8
4475,18,10
4476,16,9
4477,7,9
4478,15,5
4479,12,7
4480,3,3
4481,14,3
4482,12,2
4483,19,6
4484,1,3
4485,7,3
4486,7,9
4487,17,6
4488,10,9
4489,20,10
4490,1,2
4491,19,9
4492,3,1
4493,1,5
4494,18,9
4495,8,9
4496,17,10
4497,12,10
4498,15,10
4499,18,3
4500,11,4
4501,6,6
4502,12,1
4503,17,10
4504,18,10
4505,16,10
4506,2,8
4507,8,2
4508,19,9
4509,20,8
4510,15,7
4511,13,2
4512,5,8
4513,8,5
4514,3,2
4515,15,10
4516,10,10
4517,1,5
4518,13,10
4519,14,1
4520,3,1
4521,13,4
4522,18,10
4523,9,8
4524,11,2
4525,17,8
4526,14,9
4527,8,4
4528,6,1
4529,14,8
4530,2,4
4531,20,9
4532,3,7
4533,7,3
4534,5,2
4535,12,10
4536,10,5
4537,13,10
4538,5,9
4539,1,2
4540,11,7
4541,10,4
4542,9,8
4543,1,7
4544,10,8
4545,8,1
4546,7,9
4547,16,8
4548,9,9
4549,18,5
4550,3,1
4551,20,4
4552,17,3
4553,19,4
4554,1,6
4555,11,9
4556,2,4
4557,18,8
4558,17,1
4559,20,8
4560,2,6
4561,14,4
4562,7,5
4563,16,10
4564,5,1
4565,4,3
4566,19,4
4567,16,2
4568,17,6
4569,13,3
4570,12,6
4571,17,9
4572,17,5
4573,3,2
4574,20,1
4575,10,3
4576,14,1
4577,2,3
4578,8,5
4579,4,6
4580,19,5
4581,11,4
4582,17,8
4583,13,7
4584,4,9
4585,9,8
4586,2,6
4587,15,7
4588,5,2
4589,1,1
4590,16,10
4591,19,9
4592,1,3
4593,20,5
4594,16,5
4595,16,8
4596,4,10
4597,17,1
4598,2,3
4599,20,10
4600,15,4
4601,15,2
4602,16,6
4603,3,6
4604,15,4
4605,1,7
4606,17,5
4607,19,8
4608,9,7
4609,10,4
4610,10,4
4611,16,2
4612,7,4
4613,1,9
4614,18,5
4615,11,1
4616,4,8
4617,8,7
4618,5,1
4619,13,9
4620,6,10
4621,11,1
4622,4,4
4623,11,5
4624,16,9
4625,18,7
4626,3,4
4627,15,10
4628,3,5
4629,19,10
4630,9,4
4631,1,7
4632,18,9
4633,5,8
4634,8,7
4635,5,6
4636,19,2
4637,10,6
4638,15,9
4639,2,5
4640,16,7
4641,5,10
4642,11,5
4643,13,4
4644,5,6
4645,10,10
4646,3,1
4647,20,8
4648,18,6
4649,7,1
4650,2,10
4651,9,6
4652,10,1
4653,4,9
4654,12,4
4655,5,2
4656,19,3
4657,20,7
4658,15,7
4659,5,7
4660,3,5
4661,7,3
4662,16,7
4663,13,4
4664,13,1
4665,11,1
4666,1,3
4667,12,3
4668,20,3
4669,6,2
4670,11,5
4671,20,1
4672,18,6
4673,2,6
4674,3,4
4675,3,10
4676,9,2
4677,8,2
4678,2,1
4679,2,2
4680,12,2
4681,16,6
4682,18,5
4683,3,7
4684,16,2
4685,16,9
4686,13,9
4687,7,7
4688,3,1
4689,11,1
4690,2,10
4691,18,8
4692,17,6
4693,13,7
4694,8,4
4695,18,3
4696,6,9
4697,2,9
4698,8,8
4699,9,8
4700,9,4
4701,1,2
4702,10,4
4703,18,9
4704,6,9
4705,14,5
4706,10,1
4707,1,8
4708,13,1
4709,1,9
4710,1,9
4711,7,5
4712,13,9
4713,13,4
4714,14,8
4715,17,7
4716,3,7
4717,3,4
4718,5,9
4719,8,8
4720,13,10
4721,11,9
4722,16,4
4723,11,9
4724,19,9
4725,19,9
4726,8,3
4727,17,6
4728,4,1
4729,14,2
4730,16,8
4731,1,9
4732,5,3
4733,20,1
4734,10,5
4735,6,8
4736,20,8
4737,3,3
4738,7,2
4739,15,7
4740,15,9
4741,7,5
4742,20,9
4743,13,7
4744,19,4
4745,13,10
4746,6,3
4747,13,9
4748,20,3
4749,13,10
4750,3,8
4751,2,2
4752,5,3
4753,2,1
4754,10,10
4755,13,8
4756,6,8
4757,11,8
4758,13,8
4759,15,10
4760,8,7
4761,11,1
4762,3,7
4763,13,9
4764,2,3
4765,19,1
4766,9,2
4767,20,10
4768,17,8
4769,18,9
4770,1,6
4771,10,7
4772,9,3
4773,2,8
4774,12,1
4775,4,4
4776,13,7
4777,19,5
4778,15,8
4779,11,8
4780,19,7
4781,7,5
4782,7,8
4783,5,4
4784,18,7
4785,20,3
4786,14,10
4787,16,4
4788,5,6
4789,8,7
4790,18,5
4791,15,1
4792,18,8
4793,9,1
4794,8,1
4795,6,1
4796,14,8
4797,17,10
4798,4,3
4799,16,7
4800,18,1
4801,8,5
4802,19,1
4803,4,7
4804,14,8
4805,11,2
4806,9,1
4807,18,1
4808,7,10
4809,15,1
4810,1,3
4811,16,10
4812,19,2
4813,14,3
4814,17,4
4815,6,9
4816,13,8
4817,10,8
4818,7,2
4819,5,5
4820,5,3
4821,4,1
4822,6,4
4823,7,2
4824,19,3
4825,3,9
4826,15,10
4827,19,6
4828,8,8
4829,5,8
4830,1,7
4831,9,8
4832,20,10
4833,19,8
4834,16,8
4835,11,5
4836,3,10
4837,15,4
4838,9,10
4839,6,10
4840,16,9
4841,14,1
4842,12,9
4843,11,6
4844,8,3
4845,7,10
4846,8,6
4847,1,10
4848,1,7
4849,7,5
4850,12,2
4851,19,4
4852,13,9
4853,11,6
4854,7,9
4855,13,8
4856,20,6
4857,9,4
4858,6,4
4859,20,10
4860,5,5
4861,15,1
4862,11,6
4863,20,1
4864,2,9
4865,7,10
4866,4,1
4867,10,1
4868,4,4
4869,19,1
4870,5,4
4871,7,7
4872,13,5
4873,16,10
4874,4,8
4875,4,8
4876,14,5
4877,9,5
4878,5,3
4879,15,6
4880,11,8
4881,5,1
4882,17,4
4883,15,8
4884,11,10
4885,20,10
4886,10,5
4887,12,5
4888,16,3
4889,13,3
4890,9,2
4891,12,6
4892,6,8
4893,7,2
4894,2,4
4895,20,6
4896,11,10
4897,5,2
4898,4,2
4899,15,7
4900,20,10
4901,17,5
4902,1,4
4903,4,8
4904,2,8
4905,4,5
4906,15,8
4907,13,1
4908,15,8
4909,20,4
4910,15,3
4911,20,10
4912,6,9
4913,12,4
4914,16,3
4915,11,6
4916,6,1
4917,18,4
4918,7,7
4919,18,7
4920,11,7
4921,19,8
4922,9,5
4923,3,7
4924,14,3
4925,12,1
4926,18,2
4927,3,6
4928,18,7
4929,19,4
4930,2,7
4931,1,9
4932,15,8
4933,16,8
4934,3,8
4935,17,5
4936,1,3
4937,20,2
4938,1,9
4939,14,9
4940,3,5
4941,15,10
4942,17,8
4943,13,9
4944,6,10
4945,20,6
4946,18,10
4947,16,3
4948,12,6
4949,17,10
4950,2,4
4951,6,5
4952,19,8
4953,18,3
4954,2,1
4955,8,1
4956,5,8
4957,19,4
4958,19,2
4959,8,2
4960,7,6
4961,16,9
4962,20,5
4963,1,10
4964,12,3
4965,14,9
4966,3,6
4967,7,10
4968,12,9
4969,11,1
4970,7,3
4971,10,9
4972,4,8
4973,18,8
4974,8,9
4975,11,7
4976,9,10
4977,10,9
4978,7,6
4979,14,3
4980,3,3
4981,9,10
4982,13,10
4983,2,4
4984,20,10
4985,19,8
4986,12,1
4987,1,4
4988,8,1
4989,10,1
4990,6,5
4991,9,7
4992,17,8
4993,2,3
4994,15,8
4995,10,3
4996,14,1
4997,20,4
4998,8,7
4999,13,7
5000,18,10
5001,6,5
5002,11,3
5003,19,4
5004,6,2
5005,9,1
5006,3,1
5007,8,10
5008,20,8
5009,3,3
5010,10,8
5011,14,10
5012,20,6
5013,10,5
5014,6,8
5015,20,5
5016,10,5
5017,3,4
5018,16,7
5019,6,7
5020,19,4
5021,15,8
5022,18,5
5023,11,1
5024,15,8
5025,2,4
5026,18,2
5027,17,3
5028,2,4
5029,9,1
5030,17,9
5031,8,8
5032,18,10
5033,6,4
5034,2,7
5035,3,3
5036,8,1
5037,20,7
5038,20,6
5039,13,9
5040,5,4
5041,14,2
5042,11,9
5043,8,8
5044,20,3
5045,7,3
5046,15,2
5047,1,4
5048,12,3
5049,20,2
5050,3,6
5051,11,7
5052,12,7
5053,7,8
5054,3,5
5055,19,5
5056,13,5
5057,8,2
5058,11,8
5059,16,6
5060,19,3
5061,14,7
5062,14,1
5063,17,10
5064,18,3
5065,11,4
5066,3,1
5067,3,8
5068,1,5
5069,19,8
5070,1,5
5071,3,8
5072,20,4
5073,17,8
5074,11,5
5075,8,3
5076,15,1
5077,15,4
5078,4,4
5079,6,1
5080,3,2
5081,14,3
5082,3,4
5083,7,1
5084,20,9
5085,7,9
5086,7,4
5087,15,10
5088,5,8
5089,6,2
5090,3,4
5091,13,1
5092,18,6
5093,19,9
5094,10,1
5095,8,5
5096,6,5
5097,14,5
5098,13,7
5099,11,3
5100,1,6
5101,1,4
5102,19,3
5103,15,4
5104,1,8
5105,17,4
5106,20,8
5107,13,2
5108,19,5
5109,10,2
5110,14,10
5111,5,9
5112,12,9
5113,9,7
5114,9,9
5115,17,5
5116,7,1
5117,13,3
5118,7,3
5119,8,8
5120,7,7
5121,2,1
5122,20,2
5123,11,4
5124,20,2
5125,7,10
5126,19,5
5127,2,1
5128,9,8
5129,5,4
5130,18,6
5131,17,8
5132,9,3
5133,15,3
5134,13,2
5135,17,9
5136,20,1
5137,12,5
5138,14,1
5139,9,7
5140,16,8
5141,16,8
5142,17,2
5143,20,6
5144,7,9
5145,12,1
5146,2,4
5147,16,4
5148,17,9
5149,20,6
5150,4,10
5151,14,9
5152,8,10
5153,6,3
5154,19,7
5155,14,7
5156,15,10
5157,15,1
5158,5,9
5159,7,7
5160,10,4
5161,19,2
5162,17,3
5163,20,9
